model,accuracy,accuracy,precision_1,precision_1,recall_1,recall_1,f1_1,f1_1
,mean,std,mean,std,mean,std,mean,std
logreg,0.9534266764922623,0.08406280184140791,0.7661411581769995,0.4289314343148888,0.6973686613700704,0.4481000647924795,0.7157938298156986,0.4247367439928161
rf,0.9778924097273396,0.038323365858569776,0.7081161558746637,0.42940406593700675,0.7944674869746751,0.4441640035861874,0.741120320259443,0.42697125021562893
